Timestamp,Latitude,Longitude,Altitude (m),Vertical Accuracy (m),Horizontal Accuracy (m),Speed (m/s),Course (deg)
2031-04-05T17:31:00Z,-48.449767,-123.430307,32.4,2.8,6.3,6.9,318.9
2031-04-05T17:31:05Z,-48.449537,-123.430616,32.2,2.6,3.3,6.85,318.3
2031-04-05T17:31:10Z,-48.449279,-123.430974,32.3,3,6.7,7.8,317.3
2031-04-05T17:31:15Z,-48.44907,-123.431263,32.7,3.7,3.2,6.32,317.4
2031-04-05T17:31:20Z,-48.448796,-123.431614,32.8,2.6,7.1,7.99,319.7
2031-04-05T17:31:25Z,-48.448526,-123.431871,32.7,3.5,3.7,7.12,327.8
2031-04-05T17:31:30Z,-48.448255,-123.43214,33.1,4.8,4.3,7.23,326.6
2031-04-05T17:31:35Z,-48.448002,-123.432405,33.7,4.1,6.5,6.85,325.3
2031-04-05T17:31:40Z,-48.44768,-123.432687,34.1,3.6,7.5,8.29,329.9
2031-04-05T17:31:45Z,-48.447363,-123.432894,34.7,4.5,6,7.69,336.6
2031-04-05T17:31:50Z,-48.447103,-123.433131,35.2,2.3,4.6,6.76,328.7
2031-04-05T17:31:55Z,-48.446814,-123.433314,35.6,4.1,7.1,6.99,337.2
2031-04-05T17:32:00Z,-48.446489,-123.433534,36.1,3,3.2,7.93,335.8
2031-04-05T17:32:05Z,-48.446138,-123.43372,36.1,4.7,6.6,8.29,340.7
2031-04-05T17:32:10Z,-48.445795,-123.433834,36.9,3.1,7.9,7.82,347.6
2031-04-05T17:32:15Z,-48.44546,-123.434022,37,4.9,7.6,7.96,339.7
2031-04-05T17:32:20Z,-48.445145,-123.43415,37.9,2.5,6.1,7.26,344.8
2031-04-05T17:32:25Z,-48.444775,-123.434357,38.8,3.4,3.4,8.79,339.7
2031-04-05T17:32:30Z,-48.44446,-123.434462,39.1,2.8,3.1,7.18,347.6
2031-04-05T17:32:35Z,-48.444154,-123.434594,40.1,3.9,4.4,7.08,344
2031-04-05T17:32:40Z,-48.443849,-123.434775,40.6,4.8,5.1,7.31,338.6
2031-04-05T17:32:45Z,-48.443512,-123.434879,41.3,2.3,5.6,7.66,348.4
2031-04-05T17:32:50Z,-48.443134,-123.435013,41.8,4.7,3.6,8.65,346.8
2031-04-05T17:32:55Z,-48.442784,-123.435101,42.8,5,6.9,7.89,350.5
2031-04-05T17:33:00Z,-48.442421,-123.43516,43.2,4.7,6,8.13,353.8
2031-04-05T17:33:05Z,-48.442069,-123.435126,44.3,4.5,7,7.85,3.7
2031-04-05T17:33:10Z,-48.441696,-123.435,45.1,3.2,7.3,8.51,12.7
2031-04-05T17:33:15Z,-48.441301,-123.434943,45.6,4,4.5,8.83,5.5
2031-04-05T17:33:20Z,-48.440961,-123.434853,46.5,2.1,3.6,7.7,9.9
2031-04-05T17:33:25Z,-48.440585,-123.434788,47.6,2.7,5.4,8.42,6.6
2031-04-05T17:33:30Z,-48.440235,-123.434667,48.5,3,6.7,8,12.9
2031-04-05T17:33:35Z,-48.439857,-123.434576,49.6,4.4,4.9,8.53,9.1
2031-04-05T17:33:40Z,-48.439512,-123.434578,50.5,2.8,7.6,7.68,359.8
2031-04-05T17:33:45Z,-48.439125,-123.434578,51.4,4.5,7.4,8.61,0
2031-04-05T17:33:50Z,-48.438764,-123.434511,52.2,4.7,6.8,8.1,7
2031-04-05T17:33:55Z,-48.438403,-123.434381,53.5,4.8,5.4,8.25,13.4
2031-04-05T17:34:00Z,-48.438055,-123.434317,54.2,4.5,3.8,7.82,6.9
2031-04-05T17:34:05Z,-48.437707,-123.434341,55.5,2.9,5.6,7.76,357.4
2031-04-05T17:34:10Z,-48.437348,-123.43434,57,3.1,7.1,7.99,0.1
2031-04-05T17:34:15Z,-48.436919,-123.434256,58.1,2,5.9,9.63,7.4
2031-04-05T17:34:20Z,-48.43656,-123.434277,58.9,2,7.9,7.99,357.7
2031-04-05T17:34:25Z,-48.436173,-123.434201,59.7,4.7,7.6,8.68,7.5
2031-04-05T17:34:30Z,-48.435813,-123.434077,61.1,4.7,5.6,8.24,12.9
2031-04-05T17:34:35Z,-48.435406,-123.434004,61.9,4.9,3.2,9.13,6.8
2031-04-05T17:34:40Z,-48.435012,-123.433908,63.2,2.1,6.1,8.88,9.1
2031-04-05T17:34:45Z,-48.43464,-123.43377,64.2,4.2,5,8.51,13.9
2031-04-05T17:34:50Z,-48.434212,-123.433623,65.2,4.9,3.8,9.78,12.8
2031-04-05T17:34:55Z,-48.433825,-123.433441,66.2,4.8,5.9,9.04,17.3
2031-04-05T17:35:00Z,-48.433471,-123.433275,67.4,4.5,3.1,8.25,17.3
2031-04-05T17:35:05Z,-48.433098,-123.433154,68.8,2.2,6.8,8.49,12.2
2031-04-05T17:35:10Z,-48.432676,-123.43293,70.1,2.4,3.4,9.96,19.4
2031-04-05T17:35:15Z,-48.43227,-123.432824,71.6,2.3,7.2,9.16,9.8
2031-04-05T17:35:20Z,-48.431819,-123.432826,72.5,4.9,5,10.05,359.8
2031-04-05T17:35:25Z,-48.431417,-123.432891,73.3,4.8,6.7,9.02,353.9
2031-04-05T17:35:30Z,-48.430984,-123.433033,74.7,4.9,7.9,9.86,347.6
2031-04-05T17:35:35Z,-48.430583,-123.433106,75.8,2.2,3.2,9,353.2
2031-04-05T17:35:40Z,-48.430157,-123.433183,76.7,2.1,3.6,9.55,353.1
2031-04-05T17:35:45Z,-48.42976,-123.4332,77.6,2.8,7.6,8.84,358.4
2031-04-05T17:35:50Z,-48.429363,-123.433159,78.9,3.1,7.8,8.85,4
2031-04-05T17:35:55Z,-48.428917,-123.433135,80.3,2.6,4.8,9.95,2
2031-04-05T17:36:00Z,-48.428515,-123.433125,81.7,2.2,7,8.93,1
2031-04-05T17:36:05Z,-48.42813,-123.433177,83,2.6,4.8,8.61,354.9
2031-04-05T17:36:10Z,-48.427661,-123.433216,84.2,3.8,3.3,10.46,356.8
2031-04-05T17:36:15Z,-48.427217,-123.433225,85.1,4.5,4.8,9.89,359.3
2031-04-05T17:36:20Z,-48.426784,-123.433148,86.1,2.7,7.4,9.69,6.7
2031-04-05T17:36:25Z,-48.426368,-123.433137,87.1,2.2,3.9,9.28,1
2031-04-05T17:36:30Z,-48.425962,-123.433147,88,2.2,5,9.04,359.1
2031-04-05T17:36:35Z,-48.42555,-123.433239,88.8,4.6,5.7,9.28,351.5
2031-04-05T17:36:40Z,-48.425094,-123.433346,90,4.5,6.3,10.26,351.2
2031-04-05T17:36:45Z,-48.4247,-123.433433,91.1,4.9,3.2,8.88,351.7
2031-04-05T17:36:50Z,-48.424295,-123.433634,92.1,3.7,6.4,9.49,341.7
2031-04-05T17:36:55Z,-48.423861,-123.433767,93.1,4.6,4,9.86,348.5
2031-04-05T17:37:00Z,-48.423475,-123.433943,94.2,4.2,6,8.99,343.1
2031-04-05T17:37:05Z,-48.423045,-123.434122,95.2,3.7,5.9,9.92,344.5
2031-04-05T17:37:10Z,-48.422571,-123.434277,96,4.7,6.9,10.8,347.8
2031-04-05T17:37:15Z,-48.42213,-123.4344,97.4,4.5,6.1,9.98,349.5
2031-04-05T17:37:20Z,-48.42169,-123.434606,98.5,3.7,5.7,10.26,342.7
2031-04-05T17:37:25Z,-48.421274,-123.434909,99.6,4,5.2,10.29,334.2
2031-04-05T17:37:30Z,-48.420909,-123.435168,100.3,3,7.9,8.99,334.8
2031-04-05T17:37:35Z,-48.420512,-123.435423,101.2,2.6,6.4,9.6,336.9
2031-04-05T17:37:40Z,-48.420083,-123.435582,102,3.1,6.2,9.85,346.2
2031-04-05T17:37:45Z,-48.41968,-123.435781,102.9,2.9,6.1,9.44,341.9
2031-04-05T17:37:50Z,-48.419267,-123.436097,103.5,2.1,6.9,10.31,333.1
2031-04-05T17:37:55Z,-48.418886,-123.436456,104.7,3.2,6.3,9.99,328
2031-04-05T17:38:00Z,-48.418539,-123.436848,105.9,2.2,5.7,9.66,323.1
2031-04-05T17:38:05Z,-48.418188,-123.437159,106.4,4.9,5.7,9.07,329.6
2031-04-05T17:38:10Z,-48.417836,-123.437465,107.5,2.7,3.6,9.05,330
2031-04-05T17:38:15Z,-48.417448,-123.437711,108.2,3.6,4.1,9.37,337.2
2031-04-05T17:38:20Z,-48.417042,-123.438025,109.1,3.4,5.1,10.16,332.9
2031-04-05T17:38:25Z,-48.416638,-123.438269,109.5,4.1,4.5,9.69,338.1
2031-04-05T17:38:30Z,-48.416224,-123.438534,110.5,4.8,4.8,10,337
2031-04-05T17:38:35Z,-48.415799,-123.438807,111.5,2.5,4.7,10.31,336.9
2031-04-05T17:38:40Z,-48.415393,-123.439173,112.4,3,3.4,10.52,329.1
2031-04-05T17:38:45Z,-48.414991,-123.439463,113,3.3,3.9,9.94,334.4
2031-04-05T17:38:50Z,-48.414603,-123.439721,113.3,2.4,3.6,9.43,336.1
2031-04-05T17:38:55Z,-48.414179,-123.440012,113.9,2.5,3,10.37,335.5
2031-04-05T17:39:00Z,-48.413788,-123.440292,114.8,4.4,4.8,9.65,334.6
2031-04-05T17:39:05Z,-48.41342,-123.440629,115,5,5.2,9.58,328.6
2031-04-05T17:39:10Z,-48.413046,-123.440968,115.8,4.3,5.3,9.71,329
2031-04-05T17:39:15Z,-48.412678,-123.441449,116.6,2.1,5.3,10.85,319
2031-04-05T17:39:20Z,-48.412303,-123.441881,117,2.1,3.5,10.52,322.6
2031-04-05T17:39:25Z,-48.41194,-123.442321,117,3.8,3.9,10.37,321.1
2031-04-05T17:39:30Z,-48.411594,-123.442841,117.4,2.4,3.8,10.87,315.1
2031-04-05T17:39:35Z,-48.41127,-123.443296,117.7,3.4,6.8,9.88,317.1
2031-04-05T17:39:40Z,-48.410931,-123.443735,118,2.6,4.5,9.96,319.3
2031-04-05T17:39:45Z,-48.410613,-123.444211,118.2,2.9,4.3,9.97,315.2
2031-04-05T17:39:50Z,-48.410312,-123.444636,118.4,4.7,7,9.18,316.8
2031-04-05T17:39:55Z,-48.409972,-123.44508,118.8,4.1,7.6,10.02,319
2031-04-05T17:40:00Z,-48.409618,-123.445591,119.1,4,3.4,10.91,316.3
2031-04-05T17:40:05Z,-48.409296,-123.445983,118.9,4.8,6.8,9.22,321
2031-04-05T17:40:10Z,-48.408943,-123.446483,118.9,4.6,7.2,10.79,316.8
2031-04-05T17:40:15Z,-48.408646,-123.446981,119,2.5,3.6,9.89,311.9
2031-04-05T17:40:20Z,-48.408375,-123.447435,118.7,4.6,7.6,9.02,311.9
2031-04-05T17:40:25Z,-48.408103,-123.448032,118.8,3.9,7.8,10.71,304.5
2031-04-05T17:40:30Z,-48.407862,-123.448638,119,2.9,7.6,10.44,301
2031-04-05T17:40:35Z,-48.407637,-123.449153,118.6,4.2,3.1,9.12,303.3
2031-04-05T17:40:40Z,-48.407414,-123.449661,118.3,4.8,5.8,9,303.5
2031-04-05T17:40:45Z,-48.407199,-123.45025,117.8,2.3,6,9.92,298.8
2031-04-05T17:40:50Z,-48.407054,-123.450809,117.4,4.3,4.6,8.87,291.4
2031-04-05T17:40:55Z,-48.406853,-123.451396,117.2,2.8,4.1,9.76,297.2
2031-04-05T17:41:00Z,-48.406654,-123.45202,116.8,3.9,6.1,10.24,295.7
2031-04-05T17:41:05Z,-48.406466,-123.452597,116.4,2.9,4.3,9.5,296.2
2031-04-05T17:41:10Z,-48.406271,-123.453111,116.2,2.1,7.7,8.74,299.7
2031-04-05T17:41:15Z,-48.406104,-123.453708,115.7,4.5,3.4,9.59,292.9
2031-04-05T17:41:20Z,-48.405954,-123.454263,115.4,2.8,7.2,8.84,292.1
2031-04-05T17:41:25Z,-48.405759,-123.4549,114.9,2.6,7.6,10.39,294.8
2031-04-05T17:41:30Z,-48.405648,-123.455497,114.2,4.7,4.5,9.16,285.6
2031-04-05T17:41:35Z,-48.405565,-123.456154,113.6,2.3,6.6,9.87,280.7
2031-04-05T17:41:40Z,-48.405454,-123.45671,113,5,7.3,8.58,286.7
2031-04-05T17:41:45Z,-48.405383,-123.457279,112.8,4.1,7.7,8.56,280.7
2031-04-05T17:41:50Z,-48.405374,-123.457925,112.6,3.6,6.3,9.55,271.2
2031-04-05T17:41:55Z,-48.405383,-123.458544,111.8,3.2,7.1,9.15,268.8
2031-04-05T17:42:00Z,-48.405452,-123.459217,111.3,4.5,3.5,10.07,261.2
2031-04-05T17:42:05Z,-48.405544,-123.459884,110.7,2.6,3.2,10.07,258.3
2031-04-05T17:42:10Z,-48.405667,-123.460534,110.2,4.2,6.1,9.99,254.1
2031-04-05T17:42:15Z,-48.405821,-123.461118,109.5,3.4,4.1,9.28,248.3
2031-04-05T17:42:20Z,-48.405952,-123.461714,108.7,4.9,5,9.28,251.7
2031-04-05T17:42:25Z,-48.406167,-123.462328,107.6,2.2,4.6,10.27,242.2
2031-04-05T17:42:30Z,-48.406424,-123.462893,106.6,2.1,4.8,10.12,235.6
2031-04-05T17:42:35Z,-48.406674,-123.463318,106.2,3.8,6.9,8.39,228.5
2031-04-05T17:42:40Z,-48.406955,-123.463803,105,4,3,9.52,228.9
2031-04-05T17:42:45Z,-48.407191,-123.464228,103.8,2.9,6.4,8.18,230
2031-04-05T17:42:50Z,-48.407475,-123.464713,102.8,4.7,5.2,9.55,228.6
2031-04-05T17:42:55Z,-48.407747,-123.46519,102.1,2.5,7.5,9.31,229.3
2031-04-05T17:43:00Z,-48.407959,-123.465635,101.1,4.2,5.5,8.09,234.3
2031-04-05T17:43:05Z,-48.408202,-123.466035,100.3,3.9,6.3,8,227.6
2031-04-05T17:43:10Z,-48.408444,-123.466479,99.3,3.6,6.6,8.49,230.6
2031-04-05T17:43:15Z,-48.408693,-123.466927,98.2,3.8,5,8.65,230
2031-04-05T17:43:20Z,-48.408915,-123.467391,97.5,3.1,6.5,8.45,234.3
2031-04-05T17:43:25Z,-48.409105,-123.467922,96.8,4.4,8,8.91,241.7
2031-04-05T17:43:30Z,-48.409315,-123.468431,96,2.5,4.8,8.87,238.1
2031-04-05T17:43:35Z,-48.409482,-123.468983,95.2,2.1,7,8.97,245.5
2031-04-05T17:43:40Z,-48.409586,-123.469534,93.8,4.6,3.1,8.46,254.2
2031-04-05T17:43:45Z,-48.409713,-123.470141,92.4,2.9,4.9,9.41,252.5
2031-04-05T17:43:50Z,-48.4098,-123.470765,90.9,3.2,5.8,9.42,258.1
2031-04-05T17:43:55Z,-48.409912,-123.471269,90.1,3.5,5.2,7.85,251.4
2031-04-05T17:44:00Z,-48.410072,-123.471812,89.3,2.7,7,8.78,246.1
2031-04-05T17:44:05Z,-48.410251,-123.472261,88.4,3.7,5.5,7.74,239.1
2031-04-05T17:44:10Z,-48.410465,-123.472806,87.2,2.7,6.5,9.36,239.3
2031-04-05T17:44:15Z,-48.410684,-123.473283,86.1,4.9,4.3,8.57,235.4
2031-04-05T17:44:20Z,-48.410865,-123.473846,84.6,3.8,7.9,9.24,244.2
2031-04-05T17:44:25Z,-48.410971,-123.474409,83.7,4.7,6.5,8.65,254
2031-04-05T17:44:30Z,-48.411137,-123.474937,82.5,2.6,5.3,8.64,244.8
2031-04-05T17:44:35Z,-48.411274,-123.475482,81.5,3,6.2,8.62,249.2
2031-04-05T17:44:40Z,-48.411435,-123.475971,80,2.4,5.8,8.06,243.6
2031-04-05T17:44:45Z,-48.411606,-123.476516,79,4.4,3.1,8.91,244.7
2031-04-05T17:44:50Z,-48.411727,-123.477004,78.1,2.7,5.3,7.7,249.4
2031-04-05T17:44:55Z,-48.41185,-123.477458,77,2.2,5.8,7.24,247.9
2031-04-05T17:45:00Z,-48.412009,-123.477921,76,3.7,4.9,7.72,242.6
2031-04-05T17:45:05Z,-48.412154,-123.478387,75,3.8,4.5,7.61,244.9
2031-04-05T17:45:10Z,-48.412294,-123.478842,74,4.4,4.4,7.41,245.1
2031-04-05T17:45:15Z,-48.412502,-123.47933,72.6,3.3,6.6,8.56,237.3
2031-04-05T17:45:20Z,-48.412637,-123.479765,71.4,3.5,7.4,7.1,244.9
2031-04-05T17:45:25Z,-48.412768,-123.480249,70.2,4.7,3.7,7.72,247.8
2031-04-05T17:45:30Z,-48.412863,-123.480753,68.7,4.1,3.4,7.74,254.2
2031-04-05T17:45:35Z,-48.412974,-123.481194,67.3,3.7,7.8,6.98,249.2
2031-04-05T17:45:40Z,-48.413103,-123.481663,66.4,4.3,6.9,7.49,247.5
2031-04-05T17:45:45Z,-48.413233,-123.482096,65.2,3.5,7.9,7.02,245.7
2031-04-05T17:45:50Z,-48.413386,-123.48257,64.2,3,7.6,7.79,244
2031-04-05T17:45:55Z,-48.413551,-123.483074,62.9,2.4,6.6,8.3,243.8
2031-04-05T17:46:00Z,-48.413689,-123.483461,62.1,3.8,7.3,6.5,241.9
2031-04-05T17:46:05Z,-48.413808,-123.483986,61.3,4.9,6.7,8.2,251.1
2031-04-05T17:46:10Z,-48.413903,-123.4844,60.5,3,5.1,6.46,250.9
2031-04-05T17:46:15Z,-48.413988,-123.484938,59.1,3.1,7.3,8.18,256.6
2031-04-05T17:46:20Z,-48.414066,-123.485367,58,3.1,4.1,6.57,254.7
2031-04-05T17:46:25Z,-48.414135,-123.485842,57.1,4.4,4.1,7.19,257.7
2031-04-05T17:46:30Z,-48.414175,-123.486257,56,4.6,7.5,6.2,261.6
2031-04-05T17:46:35Z,-48.414206,-123.486768,55.2,2.5,6.5,7.57,264.7
2031-04-05T17:46:40Z,-48.414206,-123.487176,53.8,3.4,3.3,6.04,270
2031-04-05T17:46:45Z,-48.414235,-123.487704,52.6,2.8,6.3,7.83,265.4
2031-04-05T17:46:50Z,-48.414281,-123.488163,51.4,4,5.6,6.86,261.4
2031-04-05T17:46:55Z,-48.414388,-123.48865,50.4,4.3,4.5,7.58,251.6
2031-04-05T17:47:00Z,-48.41449,-123.489083,49.1,2.2,7.6,6.79,250.6
2031-04-05T17:47:05Z,-48.414603,-123.489559,47.9,4.6,4.9,7.46,250.3
2031-04-05T17:47:10Z,-48.414723,-123.489925,46.8,2.9,4.6,6.03,243.8
2031-04-05T17:47:15Z,-48.414912,-123.490347,46,2.6,6.6,7.53,236
2031-04-05T17:47:20Z,-48.415072,-123.490673,44.8,2,6.7,6,233.3
2031-04-05T17:47:25Z,-48.415227,-123.491101,44.4,4,4.4,7.21,241.4
2031-04-05T17:47:30Z,-48.415369,-123.491481,43.4,3.2,5.3,6.44,240.7
2031-04-05T17:47:35Z,-48.415523,-123.491926,42.5,4.1,7.3,7.42,242.4
2031-04-05T17:47:40Z,-48.415669,-123.492247,41.8,3.2,6.4,5.74,235.5
2031-04-05T17:47:45Z,-48.415798,-123.492643,40.9,4.7,6.4,6.52,244
2031-04-05T17:47:50Z,-48.415929,-123.49299,39.8,4.1,6.5,5.9,240.3
2031-04-05T17:47:55Z,-48.416098,-123.493323,39.4,4.9,5.7,6.19,232.5
2031-04-05T17:48:00Z,-48.416288,-123.493649,38.5,4.4,3.8,6.41,228.8
2031-04-05T17:48:05Z,-48.416442,-123.493964,37.9,2.1,5.7,5.78,233.6
2031-04-05T17:48:10Z,-48.416582,-123.494362,37.4,2.8,7.7,6.66,242.2
2031-04-05T17:48:15Z,-48.416687,-123.494794,36.5,4.7,7.6,6.79,249.9
2031-04-05T17:48:20Z,-48.416783,-123.495234,36.1,3.5,4.8,6.85,251.7
2031-04-05T17:48:25Z,-48.41689,-123.495666,35.8,2.4,8,6.81,249.5
2031-04-05T17:48:30Z,-48.416954,-123.496057,35,4.7,4.6,5.95,256.3
2031-04-05T17:48:35Z,-48.41702,-123.496401,34.4,3.9,7.2,5.29,253.9
2031-04-05T17:48:40Z,-48.417145,-123.49679,34,4.9,7.3,6.39,244.1
2031-04-05T17:48:45Z,-48.417238,-123.49718,33.8,3.3,7.1,6.13,250.3
2031-04-05T17:48:50Z,-48.417308,-123.497584,33.4,4.1,6.2,6.17,255.5
2031-04-05T17:48:55Z,-48.417351,-123.497992,32.9,2.2,6.9,6.1,260.8
2031-04-05T17:49:00Z,-48.417424,-123.498373,32.8,3,5.2,5.86,253.9
2031-04-05T17:49:05Z,-48.417514,-123.498722,32.6,3.9,3.4,5.52,248.8
2031-04-05T17:49:10Z,-48.417604,-123.499005,32.3,2.8,4.9,4.64,244.5
2031-04-05T17:49:15Z,-48.417723,-123.499336,32.1,3.5,5.8,5.56,241.5
2031-04-05T17:49:20Z,-48.417863,-123.499617,31.6,2.9,7.7,5.19,233.2
2031-04-05T17:49:25Z,-48.418043,-123.499886,31.1,4.8,4.7,5.66,224.7
2031-04-05T17:49:30Z,-48.418216,-123.500184,30.6,2.4,7.7,5.84,228.8
2031-04-05T17:49:35Z,-48.418342,-123.500482,30.8,3.3,3.9,5.22,237.4
2031-04-05T17:49:40Z,-48.418463,-123.500768,30.8,4.2,7.2,5.01,237.6
2031-04-05T17:49:45Z,-48.418584,-123.501125,30.9,3.1,4.3,5.91,243
2031-04-05T17:49:50Z,-48.41867,-123.501409,30.5,3.9,7.2,4.62,245.5
2031-04-05T17:49:55Z,-48.418763,-123.501666,30.8,2.3,4.6,4.32,241.4
2031-04-05T17:50:00Z,-48.418846,-123.50199,30.5,3.7,5.2,5.14,248.7
2031-04-05T17:50:05Z,-48.418913,-123.502301,30.5,4.6,4.9,4.84,252
2031-04-05T17:50:10Z,-48.418955,-123.50264,30.4,3.9,3.8,5.09,259.5
2031-04-05T17:50:15Z,-48.419004,-123.502916,30.7,2.1,3.1,4.22,255.1
2031-04-05T17:50:20Z,-48.419085,-123.503274,31.1,4.6,4.4,5.59,251.1
2031-04-05T17:50:25Z,-48.419146,-123.503573,31.2,2.5,7,4.63,252.9
2031-04-05T17:50:30Z,-48.419213,-123.503838,31.8,3.6,5.9,4.19,249.1
2031-04-05T17:50:35Z,-48.41929,-123.504199,31.7,4.8,7.9,5.6,252.3
2031-04-05T17:50:40Z,-48.419322,-123.504515,32,3.3,3.5,4.72,261.4
2031-04-05T17:50:45Z,-48.419373,-123.504823,32.2,2.4,7.8,4.69,256
2031-04-05T17:50:50Z,-48.419461,-123.505138,32.3,4.1,7.5,5.04,247
2031-04-05T17:50:55Z,-48.419521,-123.505482,33.1,4.8,3.2,5.27,255.2
2031-04-05T17:51:00Z,-48.419562,-123.505775,33.5,3,5.6,4.42,258.1
2031-04-05T17:51:05Z,-48.419606,-123.506025,34.4,2.3,8,3.82,255.4
2031-04-05T17:51:10Z,-48.41964,-123.506314,34.8,2.6,3.6,4.33,259.9
2031-04-05T17:51:15Z,-48.419677,-123.506683,35.7,3.8,7.7,5.52,261.2
2031-04-05T17:51:20Z,-48.419726,-123.50701,36,3.8,5.8,4.95,257.4
2031-04-05T17:51:25Z,-48.419771,-123.50727,36.4,4.7,4.6,3.97,255.3
2031-04-05T17:51:30Z,-48.419788,-123.507518,37,3.9,5,3.69,264.2
2031-04-05T17:51:35Z,-48.419825,-123.507872,37.4,3.6,7.8,5.29,261
2031-04-05T17:51:40Z,-48.419825,-123.508147,38.2,2.9,4.1,4.06,270.2
2031-04-05T17:51:45Z,-48.419857,-123.50848,38.6,4.1,7.4,4.97,261.8
2031-04-05T17:51:50Z,-48.419881,-123.508842,39.7,2.4,7.9,5.37,264.1
2031-04-05T17:51:55Z,-48.419907,-123.509093,40.5,3,5.1,3.75,261.4
2031-04-05T17:52:00Z,-48.419922,-123.509415,41.3,4.1,5.8,4.77,265.9
2031-04-05T17:52:05Z,-48.419929,-123.50967,42,3.3,7.2,3.77,267.7
2031-04-05T17:52:10Z,-48.419914,-123.509975,43,4.1,7.5,4.53,274.2
2031-04-05T17:52:15Z,-48.419888,-123.510236,43.9,4.2,7.9,3.9,278.6
2031-04-05T17:52:20Z,-48.419855,-123.510488,45.1,3,3.6,3.79,280.9
2031-04-05T17:52:25Z,-48.419848,-123.510716,45.7,3.2,5.5,3.37,272.9
2031-04-05T17:52:30Z,-48.419818,-123.511013,47,2.5,3.7,4.44,278.7
2031-04-05T17:52:35Z,-48.419815,-123.511317,48,3.3,4.6,4.49,270.6
2031-04-05T17:52:40Z,-48.419816,-123.511621,49,4.5,4.1,4.49,269.7
2031-04-05T17:52:45Z,-48.41983,-123.511858,50.1,2.7,5.8,3.52,265.1
2031-04-05T17:52:50Z,-48.419825,-123.512166,50.8,4.7,7.1,4.55,271.5
2031-04-05T17:52:55Z,-48.419807,-123.512508,52.2,3.7,5.1,5.07,274.5
2031-04-05T17:53:00Z,-48.41982,-123.512748,52.9,4.5,3.4,3.55,265.3
2031-04-05T17:53:05Z,-48.41981,-123.513079,53.9,2.4,8,4.91,272.5
2031-04-05T17:53:10Z,-48.419778,-123.513365,55.3,3.1,3.9,4.28,279.6
2031-04-05T17:53:15Z,-48.419777,-123.513577,56.7,2.9,5.3,3.13,270.5
2031-04-05T17:53:20Z,-48.419773,-123.513812,58.1,4,3.6,3.48,271.5
2031-04-05T17:53:25Z,-48.419761,-123.514129,59,5,6.9,4.69,273.1
2031-04-05T17:53:30Z,-48.419759,-123.514353,60.5,2.6,4.3,3.31,271.1
2031-04-05T17:53:35Z,-48.419775,-123.514605,61.3,4.6,5.1,3.75,264.5
2031-04-05T17:53:40Z,-48.419759,-123.514917,62.6,3.7,6.8,4.62,274.4
2031-04-05T17:53:45Z,-48.419773,-123.515154,64,3,6.8,3.52,264.9
2031-04-05T17:53:50Z,-48.419791,-123.515425,65.1,4.7,4.1,4.03,264.2
2031-04-05T17:53:55Z,-48.419829,-123.515692,66.4,4.4,7,4.03,258
2031-04-05T17:54:00Z,-48.419839,-123.516014,67.2,4.7,4,4.76,267.4
2031-04-05T17:54:05Z,-48.419831,-123.516311,68.5,4.9,4.7,4.4,272.1
2031-04-05T17:54:10Z,-48.419789,-123.516606,70,4.5,6.3,4.45,282.1
2031-04-05T17:54:15Z,-48.41977,-123.51689,71.5,4,6.7,4.22,275.7
2031-04-05T17:54:20Z,-48.419748,-123.517198,72.9,2.1,7.9,4.58,276.2
2031-04-05T17:54:25Z,-48.419707,-123.517433,74.1,4.1,3.8,3.58,284.7
2031-04-05T17:54:30Z,-48.41968,-123.517741,75.1,3.6,4.4,4.6,277.5
2031-04-05T17:54:35Z,-48.419679,-123.518045,76.5,3.7,5,4.48,270.3
2031-04-05T17:54:40Z,-48.419709,-123.518318,77.6,3.7,3.2,4.09,260.8
2031-04-05T17:54:45Z,-48.419753,-123.518524,78.9,2.6,4,3.2,252.1
2031-04-05T17:54:50Z,-48.419834,-123.518811,79.9,3.3,6.1,4.61,246.9
2031-04-05T17:54:55Z,-48.419875,-123.519045,80.7,4.3,7.7,3.58,255.1
2031-04-05T17:55:00Z,-48.4199,-123.519375,82.2,2.8,5.4,4.91,263.4
2031-04-05T17:55:05Z,-48.419908,-123.519609,83.8,4.9,6.5,3.46,267.1
2031-04-05T17:55:10Z,-48.419938,-123.519884,84.9,3.1,5.8,4.12,260.8
2031-04-05T17:55:15Z,-48.419957,-123.520105,85.9,2.3,5.9,3.29,262.7
2031-04-05T17:55:20Z,-48.420007,-123.520377,87.3,3.4,6.3,4.18,254.4
2031-04-05T17:55:25Z,-48.420054,-123.520591,88.8,4.5,5.9,3.32,251.9
2031-04-05T17:55:30Z,-48.420113,-123.520874,89.6,3.4,3.1,4.38,252.6
2031-04-05T17:55:35Z,-48.420143,-123.521185,91.1,4.4,6.8,4.65,261.7
2031-04-05T17:55:40Z,-48.420181,-123.521416,92.3,3.8,6.3,3.52,255.9
2031-04-05T18:00:10Z,-48.420226,-123.521763,91.7,4.1,7.7,5.22,259
2031-04-05T18:00:15Z,-48.420303,-123.522134,91.2,2.9,6.7,5.74,252.8
2031-04-05T18:00:20Z,-48.420417,-123.522523,90.6,4.6,4.4,6.28,246.1
2031-04-05T18:00:25Z,-48.420503,-123.522958,89.8,2.1,3.3,6.72,253.3
2031-04-05T18:00:30Z,-48.420595,-123.523368,89.3,3.1,4.1,6.39,251.4
2031-04-05T18:00:35Z,-48.420647,-123.523769,88.7,4.4,6.4,6.03,258.9
2031-04-05T18:00:40Z,-48.420676,-123.524163,88.5,2.1,6.6,5.87,263.7
2031-04-05T18:00:45Z,-48.420662,-123.524596,87.9,3.7,5.5,6.4,272.9
2031-04-05T18:00:50Z,-48.420615,-123.524995,87,3.7,6.6,5.99,280
2031-04-05T18:00:55Z,-48.420558,-123.525386,86.5,2.2,3.5,5.91,282.3
2031-04-05T18:01:00Z,-48.420522,-123.52578,86.1,3.5,4.1,5.89,277.9
2031-04-05T18:01:05Z,-48.420521,-123.526214,85.8,4.6,6.6,6.41,270.2
2031-04-05T18:01:10Z,-48.420484,-123.526623,85.3,3.1,6.9,6.1,277.8
2031-04-05T18:01:15Z,-48.420427,-123.527025,84.4,2.4,6,6.07,282.1
2031-04-05T18:01:20Z,-48.42037,-123.527465,83.5,2.7,3.3,6.62,280.9
2031-04-05T18:01:25Z,-48.420365,-123.527928,82.4,3.3,6.8,6.85,271.1
2031-04-05T18:01:30Z,-48.420321,-123.528346,81.7,4.5,5.3,6.25,278.9
2031-04-05T18:01:35Z,-48.42028,-123.528822,80.6,2.9,4.9,7.1,277.5
2031-04-05T18:01:40Z,-48.420279,-123.529333,79.4,3.8,4.9,7.55,270
2031-04-05T18:01:45Z,-48.42025,-123.529727,78.8,2.4,3.6,5.85,276.5
2031-04-05T18:01:50Z,-48.420191,-123.530161,78.2,2.8,6.2,6.55,281.5
2031-04-05T18:01:55Z,-48.420147,-123.530649,77.5,3,5.2,7.28,277.8
2031-04-05T18:02:00Z,-48.42011,-123.531086,76.9,4.1,5.7,6.52,277.3
2031-04-05T18:02:05Z,-48.420068,-123.531509,75.9,3.7,5.6,6.32,278.4
2031-04-05T18:02:10Z,-48.420002,-123.53191,75.1,3.6,6.4,6.11,284.1
2031-04-05T18:02:15Z,-48.419969,-123.532424,74.5,2.8,7.8,7.62,275.5
2031-04-05T18:02:20Z,-48.419932,-123.532846,73.2,4.1,6.1,6.28,277.4
2031-04-05T18:02:25Z,-48.419926,-123.533266,72.2,4.5,4.6,6.22,271.3
2031-04-05T18:02:30Z,-48.419873,-123.533782,71.2,4.6,4.3,7.71,278.8
2031-04-05T18:02:35Z,-48.41986,-123.534312,70.3,2.3,6.4,7.84,272.1
2031-04-05T18:02:40Z,-48.41981,-123.534841,69.5,4.7,7.4,7.9,278.1
2031-04-05T18:02:45Z,-48.419781,-123.53537,68.4,2.4,5.1,7.84,274.8
2031-04-05T18:02:50Z,-48.4198,-123.53589,67.5,4,4.2,7.7,266.7
2031-04-05T18:02:55Z,-48.419841,-123.536434,66,4.5,6.8,8.09,263.5
2031-04-05T18:03:00Z,-48.419898,-123.536956,64.7,3,3.7,7.81,260.7
2031-04-05T18:03:05Z,-48.419939,-123.537419,63.3,3.7,7.1,6.9,262.6
2031-04-05T18:03:10Z,-48.41999,-123.5379,61.8,2.4,6,7.2,260.8
2031-04-05T18:03:15Z,-48.420034,-123.538335,60.6,2.7,6.2,6.51,261.4
2031-04-05T18:03:20Z,-48.420127,-123.53882,59.2,2.4,7.9,7.45,253.8
2031-04-05T18:03:25Z,-48.420178,-123.539377,58.2,2.6,4.9,8.32,262.2
2031-04-05T18:03:30Z,-48.420264,-123.539841,57.1,4.2,7.6,7.12,254.4
2031-04-05T18:03:35Z,-48.420407,-123.540311,55.8,3,4.7,7.64,245.3
2031-04-05T18:03:40Z,-48.420619,-123.540796,54.9,3.2,4.5,8.57,236.6
2031-04-05T18:03:45Z,-48.420852,-123.541275,53.8,4.5,4.9,8.77,233.8
2031-04-05T18:03:50Z,-48.421024,-123.54173,52.7,4.5,6.6,7.74,240.3
2031-04-05T18:03:55Z,-48.421161,-123.54215,51.4,4.8,6.2,6.92,243.9
2031-04-05T18:04:00Z,-48.421271,-123.542719,50.3,4.7,6.5,8.76,253.7
2031-04-05T18:04:05Z,-48.421333,-123.543284,49.1,3.1,7.6,8.47,260.7
2031-04-05T18:04:10Z,-48.421395,-123.543851,48.2,2.2,5.9,8.48,260.5
2031-04-05T18:04:15Z,-48.421486,-123.544338,47.4,3.9,6.3,7.48,254.3
2031-04-05T18:04:20Z,-48.421546,-123.544851,46.3,3.8,5.3,7.69,260
2031-04-05T18:04:25Z,-48.421672,-123.545397,45.2,3.1,3.6,8.54,250.8
2031-04-05T18:04:30Z,-48.421775,-123.545929,44.2,2.8,3.4,8.2,253.8
2031-04-05T18:04:35Z,-48.421869,-123.546517,43.1,2.4,6.9,8.93,256.4
2031-04-05T18:04:40Z,-48.421917,-123.547139,41.7,4.4,3.4,9.25,263.5
2031-04-05T18:04:45Z,-48.42199,-123.547758,40.6,4.2,6.2,9.29,259.9
2031-04-05T18:04:50Z,-48.422079,-123.548251,39.8,4.8,7.2,7.55,254.8
2031-04-05T18:04:55Z,-48.422131,-123.54875,38.8,5,7.3,7.46,261
2031-04-05T18:05:00Z,-48.422184,-123.549274,37.3,2.4,3.7,7.84,261.2
2031-04-05T18:05:05Z,-48.422313,-123.549859,36.5,2.5,6.8,9.1,251.6
2031-04-05T18:05:10Z,-48.422372,-123.550397,35,2.2,7.8,8.06,260.7
2031-04-05T18:05:15Z,-48.422476,-123.550956,34.1,4.6,7.8,8.58,254.3
2031-04-05T18:05:20Z,-48.422605,-123.551577,33.4,3.4,5,9.62,252.7
2031-04-05T18:05:25Z,-48.422737,-123.552176,32.4,4.5,6.6,9.33,251.6
2031-04-05T18:05:30Z,-48.422907,-123.552713,31.6,4.8,6.1,8.79,244.4
2031-04-05T18:05:35Z,-48.423053,-123.55321,30.4,2.7,7.1,8.03,246.2
2031-04-05T18:05:40Z,-48.423148,-123.55375,29.3,4.4,4.5,8.26,255.1
2031-04-05T18:05:45Z,-48.423281,-123.554329,28.2,2.7,7,9.05,250.9
2031-04-05T18:05:50Z,-48.423403,-123.554962,27.5,3.5,7,9.74,253.9
2031-04-05T18:05:55Z,-48.423522,-123.555473,26.3,3.6,4.1,8,250.7
2031-04-05T18:06:00Z,-48.423679,-123.556057,25,2.3,7.8,9.31,248
2031-04-05T18:06:05Z,-48.423797,-123.556632,23.8,2.2,4.5,8.89,252.7
2031-04-05T18:06:10Z,-48.423915,-123.557267,22.6,4.9,5.3,9.75,254.4
2031-04-05T18:06:15Z,-48.424077,-123.557871,21.3,3.8,7.1,9.62,247.9
2031-04-05T18:06:20Z,-48.424197,-123.558391,20.3,2.5,3.9,8.14,250.9
2031-04-05T18:06:25Z,-48.424347,-123.558909,19.7,4.8,7.5,8.35,246.3
2031-04-05T18:06:30Z,-48.424531,-123.559526,18.6,4.4,3.6,9.99,245.8
2031-04-05T18:06:35Z,-48.424697,-123.560078,17.8,4.8,5.8,8.95,245.6
2031-04-05T18:06:40Z,-48.424942,-123.56064,16.9,2.3,4.4,9.93,236.7
2031-04-05T18:06:45Z,-48.425134,-123.561187,16.3,4,5.3,9.15,242.1
2031-04-05T18:06:50Z,-48.425294,-123.561764,15.5,2.7,5.5,9.23,247.4
2031-04-05T18:06:55Z,-48.425418,-123.562356,15.2,4.9,7.3,9.17,252.5
2031-04-05T18:07:00Z,-48.425503,-123.563004,14.2,3.3,4.8,9.76,258.8
2031-04-05T18:07:05Z,-48.425655,-123.563602,13.4,3.3,3,9.45,249.1
2031-04-05T18:07:10Z,-48.425733,-123.56421,12.7,2.8,5.2,9.15,259.1
2031-04-05T18:07:15Z,-48.425782,-123.5648,12.3,3.1,4.1,8.79,262.8
2031-04-05T18:07:20Z,-48.4258,-123.565404,11.8,2.8,5.1,8.94,267.4
2031-04-05T18:07:25Z,-48.425795,-123.566013,11.1,4.1,3.3,8.98,270.8
2031-04-05T18:07:30Z,-48.425859,-123.566669,10.9,5,7.3,9.81,261.6
2031-04-05T18:07:35Z,-48.425966,-123.567261,10.6,4.7,6.8,9.06,254.8
2031-04-05T18:07:40Z,-48.426041,-123.567921,10.1,3.6,6.7,9.89,260.3
2031-04-05T18:07:45Z,-48.426117,-123.568629,9.6,4.5,3,10.59,260.8
2031-04-05T18:07:50Z,-48.42618,-123.569273,9.6,2.4,4.1,9.62,261.5
2031-04-05T18:07:55Z,-48.426257,-123.569978,9.2,3.2,3.3,10.56,260.7
2031-04-05T18:08:00Z,-48.426326,-123.570676,8.7,2.9,4.2,10.43,261.6
2031-04-05T18:08:05Z,-48.426392,-123.571263,8.7,4.9,6.7,8.79,260.3
2031-04-05T18:08:10Z,-48.426406,-123.571969,8.8,2.4,3.9,10.43,268.3
2031-04-05T18:08:15Z,-48.426408,-123.572666,8.9,4.7,5,10.31,269.7
2031-04-05T18:08:20Z,-48.426379,-123.573384,8.6,4.2,4.7,10.62,273.5
2031-04-05T18:08:25Z,-48.426349,-123.574066,8.8,4.6,4.6,10.1,273.8
2031-04-05T18:08:30Z,-48.426313,-123.574794,8.5,2.3,6.1,10.78,274.3
2031-04-05T18:08:35Z,-48.426257,-123.575511,8.3,4.1,6.8,10.67,276.7
2031-04-05T18:08:40Z,-48.42613,-123.576161,8.2,2.5,4.7,10.01,286.3
2031-04-05T18:08:45Z,-48.425934,-123.576833,8.2,3,3.5,10.86,293.8
2031-04-05T18:08:50Z,-48.425793,-123.577449,8.2,3.8,7.4,9.62,289
2031-04-05T18:08:55Z,-48.425703,-123.578052,8.1,4.8,6.5,9.13,282.7
2031-04-05T18:09:00Z,-48.425665,-123.578743,8.1,4.2,5.3,10.24,274.7
2031-04-05T18:09:05Z,-48.425636,-123.579372,8.4,4.7,4.8,9.31,274
2031-04-05T18:09:10Z,-48.425636,-123.580082,8.7,2.7,4.5,10.49,269.9
2031-04-05T18:09:15Z,-48.425575,-123.580808,8.7,4.9,6.3,10.82,277.3
2031-04-05T18:09:20Z,-48.425507,-123.581449,9.3,2.8,7.4,9.59,279
2031-04-05T18:09:25Z,-48.425501,-123.582185,9.9,4.9,4.7,10.87,270.8
2031-04-05T18:09:30Z,-48.425536,-123.582825,10.2,4.4,5.5,9.48,265.2
2031-04-05T18:09:35Z,-48.425632,-123.58353,10.2,3.1,5.9,10.64,258.4
2031-04-05T18:09:40Z,-48.425694,-123.584135,10.4,3.6,5.2,9.04,261.2
2031-04-05T18:09:45Z,-48.425811,-123.584752,10.5,3.9,3.2,9.48,254.1
2031-04-05T18:09:50Z,-48.425928,-123.585442,11.3,3,4,10.52,255.6
2031-04-05T18:09:55Z,-48.426058,-123.586094,12,2.3,3.9,10.06,253.4
2031-04-05T18:10:00Z,-48.426157,-123.586709,12.3,3.6,7.2,9.34,256.4
2031-04-05T18:10:05Z,-48.426313,-123.58737,12.6,3.9,5.2,10.38,250.3
2031-04-05T18:10:10Z,-48.426482,-123.588062,13,4.9,7.3,10.89,249.8
2031-04-05T18:10:15Z,-48.426654,-123.588691,13.4,2.8,7.3,10.04,247.7
2031-04-05T18:10:20Z,-48.426818,-123.589391,14.3,3.6,3.7,10.97,250.6
2031-04-05T18:10:25Z,-48.427015,-123.589923,15.2,2.2,6.8,9,240.7
2031-04-05T18:10:30Z,-48.427212,-123.590597,15.5,3.8,4.2,10.88,246.3
2031-04-05T18:10:35Z,-48.42733,-123.591255,16.1,3.6,5.5,10.09,254.8
2031-04-05T18:10:40Z,-48.427512,-123.591885,17.1,2.7,5.1,10.14,246.5
2031-04-05T18:10:45Z,-48.427623,-123.592575,18.3,5,4.4,10.49,256.4
2031-04-05T18:10:50Z,-48.427663,-123.593256,18.8,2.5,7.5,10.09,264.9
2031-04-05T18:10:55Z,-48.427694,-123.593927,20,4.7,7.9,9.94,266.1
2031-04-05T18:11:00Z,-48.427705,-123.594546,20.6,2.9,4,9.15,268.4
2031-04-05T18:11:05Z,-48.427686,-123.595201,21.8,3.5,3.6,9.68,272.6
2031-04-05T18:11:10Z,-48.427654,-123.595811,22.5,4.2,4.9,9.04,274.6
2031-04-05T18:11:15Z,-48.427597,-123.596473,23.4,2.9,5,9.86,277.3
2031-04-05T18:11:20Z,-48.427592,-123.597082,24.1,3.3,7.7,9.01,270.8
2031-04-05T18:11:25Z,-48.427659,-123.597779,24.7,4.5,5.1,10.4,261.7
2031-04-05T18:11:30Z,-48.427725,-123.598406,26,5,7.8,9.38,261
2031-04-05T18:11:35Z,-48.427817,-123.599119,26.8,5,6,10.73,259
2031-04-05T18:11:40Z,-48.42784,-123.599726,27.5,4,5.8,8.98,266.7
2031-04-05T18:11:45Z,-48.427899,-123.600368,28.9,2.1,3.6,9.58,262.1
2031-04-05T18:11:50Z,-48.427984,-123.601011,30.2,2.3,3.8,9.68,258.8
2031-04-05T18:11:55Z,-48.428024,-123.601677,31,4.5,3.6,9.89,264.8
2031-04-05T18:12:00Z,-48.42803,-123.602303,32.3,3,6,9.24,269.2
2031-04-05T18:12:05Z,-48.428105,-123.60293,33.3,2.8,4,9.43,259.8
2031-04-05T18:12:10Z,-48.42819,-123.603595,34.7,3.6,5.2,10,259
2031-04-05T18:12:15Z,-48.428291,-123.604188,36.1,3.7,3.3,9.05,255.7
2031-04-05T18:12:20Z,-48.428413,-123.604889,37.6,2.9,5.4,10.7,255.3
2031-04-05T18:12:25Z,-48.428475,-123.605504,39,4.4,5.6,9.2,261.3
2031-04-05T18:12:30Z,-48.428495,-123.606148,40,4.7,5.4,9.52,267.3
2031-04-05T18:12:35Z,-48.428455,-123.606786,40.9,4.6,6,9.48,275.5
2031-04-05T18:12:40Z,-48.428341,-123.607455,42,4.3,3.1,10.19,284.3
2031-04-05T18:12:45Z,-48.428211,-123.608106,43.2,5,4,10.05,286.8
2031-04-05T18:12:50Z,-48.428086,-123.608689,44.7,3.5,5.3,9.04,287.8
2031-04-05T18:12:55Z,-48.427961,-123.609361,45.5,2.8,5.3,10.32,285.7
2031-04-05T18:13:00Z,-48.427895,-123.610002,47,4.9,7.8,9.59,278.8
2031-04-05T18:13:05Z,-48.427778,-123.610557,47.9,4.4,7.3,8.6,287.7
2031-04-05T18:13:10Z,-48.427679,-123.611173,49,4,5,9.36,283.6
2031-04-05T18:13:15Z,-48.427627,-123.61181,50.4,2.2,5.1,9.48,277
2031-04-05T18:13:20Z,-48.427638,-123.612404,51.7,3.6,6.9,8.78,268.4
2031-04-05T18:13:25Z,-48.427665,-123.613051,52.9,3,7.2,9.58,266.4
2031-04-05T18:13:30Z,-48.427635,-123.613631,53.9,2.1,6,8.59,274.3
2031-04-05T18:13:35Z,-48.427554,-123.614241,54.9,3.1,6.8,9.19,281.3
2031-04-05T18:13:40Z,-48.427441,-123.614887,56,3.9,5.1,9.88,284.8
2031-04-05T18:13:45Z,-48.427358,-123.615503,56.9,2.4,3.2,9.27,281.5
2031-04-05T18:13:50Z,-48.427207,-123.616112,58.1,4.4,7.3,9.62,290.5
2031-04-05T18:13:55Z,-48.427096,-123.616698,59.1,4,5.2,9,285.9
2031-04-05T18:14:00Z,-48.426931,-123.617254,60.6,2.8,7,9,294.1
2031-04-05T18:14:05Z,-48.426791,-123.617822,61.4,4.1,7.7,8.94,290.5
2031-04-05T18:14:10Z,-48.42665,-123.618468,62.6,2.8,3.6,10.05,288.2
2031-04-05T18:14:15Z,-48.426468,-123.618978,63.9,2.3,4.1,8.55,298.2
2031-04-05T18:14:20Z,-48.426228,-123.619471,65.4,3.9,7.2,9.03,306.3
2031-04-05T18:14:25Z,-48.426,-123.61993,66.9,4.6,6.3,8.47,306.8
2031-04-05T18:14:30Z,-48.425727,-123.620432,68.3,2.3,6.4,9.6,309.4
2031-04-05T18:14:35Z,-48.425523,-123.62093,69.3,4.6,5.1,8.64,301.6
2031-04-05T18:14:40Z,-48.425311,-123.62136,70.5,4.2,8,7.92,306.7
2031-04-05T18:14:45Z,-48.425112,-123.621867,71.7,3.4,3.6,8.7,300.5
2031-04-05T18:14:50Z,-48.424949,-123.622462,72.6,4.7,5.9,9.5,292.4
2031-04-05T18:14:55Z,-48.424861,-123.622976,73.7,3.4,4.6,7.85,284.6
2031-04-05T18:15:00Z,-48.424785,-123.623602,74.8,4.9,3.1,9.4,280.3
2031-04-05T18:15:05Z,-48.424713,-123.624174,75.5,2.7,4.9,8.6,280.8
2031-04-05T18:15:10Z,-48.424665,-123.62482,76.1,2,7.8,9.61,276.3
2031-04-05T18:15:15Z,-48.424598,-123.625422,77.4,2.9,4.8,9.01,279.5
2031-04-05T18:15:20Z,-48.424519,-123.626018,78.7,4.9,6.4,8.99,281.3
2031-04-05T18:15:25Z,-48.424474,-123.626538,79.5,4.2,3.2,7.74,277.4
2031-04-05T18:15:30Z,-48.424465,-123.627165,80.2,3.2,4.1,9.26,271.3
2031-04-05T18:15:35Z,-48.424476,-123.627691,80.9,3.4,6.2,7.78,268.1
2031-04-05T18:15:40Z,-48.424443,-123.628192,81.5,4.3,4.3,7.43,275.8
2031-04-05T18:15:45Z,-48.424444,-123.628697,82.2,4.1,5,7.46,269.8
2031-04-05T18:15:50Z,-48.424404,-123.629296,82.9,2.7,7.4,8.89,275.8
2031-04-05T18:15:55Z,-48.424408,-123.62983,83.6,4,5.3,7.89,269.3
2031-04-05T18:16:00Z,-48.424352,-123.630423,84.7,4.5,4.2,8.86,278.2
2031-04-05T18:16:05Z,-48.424241,-123.631018,85.1,5,7.8,9.13,285.6
2031-04-05T18:16:10Z,-48.424154,-123.631597,86,4.4,5.5,8.76,282.9
2031-04-05T18:16:15Z,-48.424023,-123.632166,86.7,4.8,6.9,8.89,289
2031-04-05T18:16:20Z,-48.423863,-123.632722,87.3,3.4,4.7,8.96,293.4
2031-04-05T18:16:25Z,-48.423739,-123.633192,88.3,4,3.5,7.48,291.8
2031-04-05T18:16:30Z,-48.423608,-123.633633,89.2,3.1,3.5,7.13,294
2031-04-05T18:16:35Z,-48.423454,-123.634084,90.1,5,7.3,7.49,297.4
2031-04-05T18:16:40Z,-48.423274,-123.63447,90.4,4.1,3.7,6.98,305.1
2031-04-05T18:16:45Z,-48.423091,-123.63491,91.1,4,4.4,7.67,302
2031-04-05T18:16:50Z,-48.422925,-123.635316,91.5,2.8,5.8,7.05,301.7
2031-04-05T18:16:55Z,-48.422752,-123.63571,92.2,3.3,6.1,6.97,303.3
2031-04-05T18:17:00Z,-48.422599,-123.636198,92.2,2.7,6.8,7.97,295.4
2031-04-05T18:17:05Z,-48.422403,-123.636634,92.9,2,3.6,7.79,304.1
2031-04-05T18:17:10Z,-48.42222,-123.637121,93.3,4.7,4.2,8.27,299.5
2031-04-05T18:17:15Z,-48.42204,-123.637578,93.8,3.4,3.6,7.86,300.8
2031-04-05T18:17:20Z,-48.421844,-123.637942,94.4,2.9,7.4,6.92,309.1
2031-04-05T18:17:25Z,-48.421649,-123.638303,95,3.1,3.8,6.88,309
2031-04-05T18:17:30Z,-48.421467,-123.638765,94.9,2.1,5.7,7.93,300.7
2031-04-05T18:17:35Z,-48.421303,-123.639166,94.8,3.6,4.6,6.95,301.6
2031-04-05T18:17:40Z,-48.421177,-123.639559,95.2,2.4,4.4,6.45,295.8
2031-04-05T18:17:45Z,-48.421022,-123.639982,95.7,4.6,6.4,7.14,298.9
2031-04-05T18:17:50Z,-48.420893,-123.640462,96,3.4,6.6,7.66,292
2031-04-05T18:17:55Z,-48.420787,-123.640866,95.8,3.7,5.1,6.42,291.6
2031-04-05T18:18:00Z,-48.420677,-123.641287,95.8,2.2,3.8,6.69,291.6
2031-04-05T18:18:05Z,-48.42058,-123.641742,95.4,4.8,6.6,7.04,287.7
2031-04-05T18:18:10Z,-48.420458,-123.642133,95.4,3.1,7.4,6.4,295.3
2031-04-05T18:18:15Z,-48.420283,-123.642553,95.1,2.7,6.8,7.32,302.1
2031-04-05T18:18:20Z,-48.420141,-123.642985,94.9,2.7,6.5,7.13,296.2
2031-04-05T18:18:25Z,-48.419999,-123.643436,95.1,3.6,6.3,7.37,295.5
2031-04-05T18:18:30Z,-48.419857,-123.643827,94.6,3.1,3.3,6.6,298.6
2031-04-05T18:18:35Z,-48.419739,-123.644314,94.4,2.9,3.2,7.66,290.1
2031-04-05T18:18:40Z,-48.41961,-123.644749,94,4.3,7.4,7.04,294.1
2031-04-05T18:18:45Z,-48.419465,-123.645143,93.4,4.2,6.2,6.66,299
2031-04-05T18:18:50Z,-48.419314,-123.645533,93.4,4.7,4.1,6.66,300.1
2031-04-05T18:18:55Z,-48.419213,-123.645885,92.9,2.2,4.7,5.67,293.4
2031-04-05T18:19:00Z,-48.419115,-123.646225,92.3,3.4,3.1,5.49,293.6
2031-04-05T18:19:05Z,-48.419021,-123.646657,92,3.3,5.8,6.72,288.1
2031-04-05T18:19:10Z,-48.418935,-123.647091,91.6,3,7,6.68,286.6
2031-04-05T18:19:15Z,-48.418853,-123.647554,91.2,2.3,5.3,7.09,285
2031-04-05T18:19:20Z,-48.41882,-123.647932,90.5,3.6,6.5,5.63,277.3
2031-04-05T18:19:25Z,-48.418762,-123.648281,89.6,3.7,5.5,5.32,284.2
2031-04-05T18:19:30Z,-48.418684,-123.648691,88.9,3.3,4,6.3,285.9
2031-04-05T18:19:35Z,-48.418642,-123.649041,88.5,2.2,4.7,5.25,280.3
2031-04-05T18:19:40Z,-48.418623,-123.649458,87.7,3.2,5.4,6.19,274
2031-04-05T18:19:45Z,-48.418565,-123.649815,87.4,3.3,5.9,5.42,283.6
2031-04-05T18:19:50Z,-48.418467,-123.650168,86.4,4.8,6.3,5.65,292.8
2031-04-05T18:19:55Z,-48.418347,-123.650531,85.8,4.1,7.3,5.99,296.5
2031-04-05T18:20:00Z,-48.418204,-123.650923,85.1,4.4,7.8,6.61,298.8
2031-04-05T18:20:05Z,-48.418117,-123.6513,84,4.8,5.1,5.9,289.3
2031-04-05T18:20:10Z,-48.418028,-123.651693,83.2,2.9,3.2,6.13,288.8
2031-04-05T18:20:15Z,-48.417939,-123.652034,82.8,2.5,4.7,5.41,291.5
2031-04-05T18:20:20Z,-48.417819,-123.65245,82.2,2.8,6,6.71,293.5
2031-04-05T18:20:25Z,-48.417659,-123.652826,81.4,3.4,3.8,6.58,302.6
2031-04-05T18:20:30Z,-48.417546,-123.653105,80.8,4,4.1,4.84,301.5
2031-04-05T18:20:35Z,-48.417415,-123.653423,80,4.8,6.1,5.52,301.7
2031-04-05T18:20:40Z,-48.417313,-123.653704,79.2,3.8,5.1,4.74,298.9
2031-04-05T18:20:45Z,-48.417196,-123.653989,78.4,4,4.8,4.95,301.5
2031-04-05T18:20:50Z,-48.41708,-123.65433,77.2,2.9,5.3,5.67,297.3
2031-04-05T18:20:55Z,-48.416976,-123.654592,76.1,5,5,4.5,300.7
2031-04-05T18:21:00Z,-48.416866,-123.654975,74.8,4.9,6.9,6.17,293.4
2031-04-05T18:21:05Z,-48.416803,-123.655299,74,3.1,3.2,5,286.4
2031-04-05T18:21:10Z,-48.416694,-123.655655,73,2.4,7.8,5.78,294.6
2031-04-05T18:21:15Z,-48.41657,-123.655949,71.6,4.9,8,5.16,302.5
2031-04-05T18:21:20Z,-48.416448,-123.656276,70.8,2.8,3.6,5.54,299.4
2031-04-05T18:21:25Z,-48.416347,-123.656614,69.6,3,3.8,5.47,294.3
2031-04-05T18:21:30Z,-48.416257,-123.656979,68.8,3.5,7.6,5.76,290.3
2031-04-05T18:21:35Z,-48.416203,-123.657294,67.6,2.4,6.3,4.8,284.6
2031-04-05T18:21:40Z,-48.416127,-123.657615,66.2,2.2,7.1,5.04,289.6
2031-04-05T18:21:45Z,-48.416017,-123.657937,65.1,3.8,6.5,5.35,297.2
2031-04-05T18:21:50Z,-48.415943,-123.658194,63.8,3.9,5.8,4.14,293.3
2031-04-05T18:21:55Z,-48.415845,-123.658452,62.6,4,3,4.4,299.9
2031-04-05T18:22:00Z,-48.41575,-123.658798,61.2,2.6,7.7,5.53,292.5
2031-04-05T18:22:05Z,-48.415707,-123.659065,59.9,2.6,5.3,4.07,283.6
2031-04-05T18:22:10Z,-48.415662,-123.659385,58.8,3.4,4.8,4.83,281.8
2031-04-05T18:22:15Z,-48.415643,-123.659768,57.3,4.2,7.3,5.67,274.4
2031-04-05T18:22:20Z,-48.415614,-123.660071,56.2,3.7,7.6,4.52,278.2
2031-04-05T18:22:25Z,-48.41559,-123.66033,54.9,4.6,7.1,3.87,277.8
2031-04-05T18:22:30Z,-48.415557,-123.660663,54,3.6,6.8,4.97,278.7
2031-04-05T18:22:35Z,-48.415484,-123.661029,52.8,3.8,5.2,5.65,286.7
2031-04-05T18:22:40Z,-48.415425,-123.661343,51.5,3.2,4.9,4.82,285.9
2031-04-05T18:22:45Z,-48.41535,-123.661665,50.6,3.7,5.4,5.05,289.3
2031-04-05T18:22:50Z,-48.415304,-123.661933,49.3,3.6,6.4,4.09,284.4
2031-04-05T18:22:55Z,-48.41524,-123.662269,48.3,3.8,5.9,5.16,286.1
2031-04-05T18:23:00Z,-48.415175,-123.662492,47.2,4.2,4.5,3.61,293.8
2031-04-05T18:23:05Z,-48.415103,-123.662787,45.8,3.6,4.7,4.64,290.1
2031-04-05T18:23:10Z,-48.415024,-123.662994,44.9,2,5.1,3.52,300
2031-04-05T18:23:15Z,-48.41493,-123.663183,43.4,4.8,4,3.49,306.8
2031-04-05T18:23:20Z,-48.414801,-123.663443,42.3,4.9,7.6,4.8,306.8
2031-04-05T18:23:25Z,-48.414684,-123.663683,40.9,4.8,5.1,4.4,306.2
2031-04-05T18:23:30Z,-48.414561,-123.66389,39.7,3,6,4.11,311.8
2031-04-05T18:23:35Z,-48.414436,-123.664138,38.4,3.7,6.8,4.6,307.3
2031-04-05T18:23:40Z,-48.414338,-123.664363,37.5,2.9,7.7,3.98,303.2
2031-04-05T18:23:45Z,-48.414229,-123.664556,36.2,4.4,6.7,3.74,310.5
2031-04-05T18:23:50Z,-48.414133,-123.664726,35.3,2.9,6.5,3.31,310.5
2031-04-05T18:23:55Z,-48.414003,-123.664964,34,4.2,6.3,4.55,309.5
2031-04-05T18:24:00Z,-48.413888,-123.66514,33,3.2,7.4,3.65,314.5
2031-04-05T18:24:05Z,-48.413762,-123.665404,31.6,4.8,7.9,4.82,305.8
2031-04-05T18:24:10Z,-48.413656,-123.665711,30.5,4.2,4.2,5.11,297.5
2031-04-05T18:24:15Z,-48.413583,-123.665897,29.5,3.1,7.4,3.19,300.4
2031-04-05T18:24:20Z,-48.413474,-123.66611,28.8,4.7,3.2,3.97,307.6
2031-04-05T18:24:25Z,-48.413394,-123.666311,27.4,2.6,3.9,3.47,301.2
2031-04-05T18:24:30Z,-48.413322,-123.66652,26.1,4.5,4.6,3.47,297.2
2031-04-05T18:24:35Z,-48.413213,-123.666755,24.7,3.7,7.8,4.24,305.2
2031-04-05T18:24:40Z,-48.413101,-123.666973,23.7,2.4,7.2,4.08,307.6
2031-04-05T18:24:45Z,-48.412977,-123.667145,22.8,4,5.9,3.75,317.5
2031-04-05T18:24:50Z,-48.412851,-123.667355,21.6,3.8,3.1,4.18,312
2031-04-05T18:24:55Z,-48.412752,-123.667515,20.8,3.1,6.9,3.23,313
2031-04-05T18:25:00Z,-48.412662,-123.667712,19.6,4.7,6,3.54,304.7
2031-04-05T18:25:05Z,-48.412563,-123.667868,19.1,3.8,4.4,3.2,313.7
2031-04-05T18:25:10Z,-48.412397,-123.668094,18.2,3.3,4.6,4.97,317.9
2031-04-05T18:25:15Z,-48.412283,-123.668239,17.3,3.9,5.1,3.34,319.8
2031-04-05T18:25:20Z,-48.412123,-123.668468,16.8,4,5.7,4.89,316.4
2031-04-05T18:25:25Z,-48.411997,-123.668673,15.9,2.8,4.1,4.14,312.8
2031-04-05T18:25:30Z,-48.411915,-123.668839,15.5,3.9,5,3.05,306.6
2031-04-05T18:25:35Z,-48.411806,-123.669135,14.8,4.3,6.9,5,299
2031-04-05T18:25:40Z,-48.41173,-123.66934,14.5,5,7.7,3.48,299.3
2031-04-05T18:25:45Z,-48.411637,-123.66956,13.8,3.2,5.5,3.84,302.5
2031-04-05T18:25:50Z,-48.411518,-123.669772,13.4,2.6,4.7,4.11,310.2
2031-04-05T18:25:55Z,-48.411394,-123.670003,12.5,4.6,7.9,4.38,308.9
2031-04-05T18:26:00Z,-48.411298,-123.670193,11.5,3.5,6.3,3.54,307.4
